city,location,latitude,longitude,parameter,unit,value,lastUpdated
,NMA - Nima,5.58389,-0.19968,pm10,µg/m³,,
,NMA - Nima,5.58389,-0.19968,pm25,µg/m³,,
,NMT - Nima,5.58165,-0.19898,pm10,µg/m³,,
,NMT - Nima,5.58165,-0.19898,pm25,µg/m³,,
,JTA - Jamestown,5.5401139,-0.2103972,pm10,µg/m³,,
,JTA - Jamestown,5.5401139,-0.2103972,pm25,µg/m³,,
,ADT - Asylum Down,5.570722,-0.2120555,pm10,µg/m³,,
,ADT - Asylum Down,5.570722,-0.2120555,pm25,µg/m³,,
,ADEPA - Asylum Down,5.567833,-0.2040278,pm10,µg/m³,,
,ADEPA - Asylum Down,5.567833,-0.2040278,pm25,µg/m³,,
,ADA - Asylum Down,5.566722,-0.2077778,pm10,µg/m³,,
,ADA - Asylum Down,5.566722,-0.2077778,pm25,µg/m³,,
,ELC - East Legon,5.6335571,-0.1651875,pm10,µg/m³,,
,ELC - East Legon,5.6335571,-0.1651875,pm25,µg/m³,,
,ELT - East Legon,5.6408995,-0.1695437,pm10,µg/m³,,
,ELT - East Legon,5.6408995,-0.1695437,pm25,µg/m³,,
,ELA - East Legon,5.6408137,-0.1579063,pm10,µg/m³,,
,ELA - East Legon,5.6408137,-0.1579063,pm25,µg/m³,,
,SPARTAN - IIT Kanpur,26.519,80.233,pm25,µg/m³,,
,"Delhi Technological University, Delhi - CPCB",28.744,77.12,no2,µg/m³,,
,"Delhi Technological University, Delhi - CPCB",28.744,77.12,o3,µg/m³,,
,"Delhi Technological University, Delhi - CPCB",28.744,77.12,pm25,µg/m³,,
,SPARTAN - CITEDEF,-34.56,-58.506,pm25,µg/m³,,
,IGI Airport,28.56,77.094,co,µg/m³,,
,IGI Airport,28.56,77.094,no2,µg/m³,,
,IGI Airport,28.56,77.094,o3,µg/m³,,
,IGI Airport,28.56,77.094,pm10,µg/m³,,
,IGI Airport,28.56,77.094,pm25,µg/m³,,
,Civil Lines,28.6787,77.2262,co,µg/m³,,
,Civil Lines,28.6787,77.2262,no2,µg/m³,,
,Civil Lines,28.6787,77.2262,pm10,µg/m³,,
,Civil Lines,28.6787,77.2262,pm25,µg/m³,,
,"R K Puram, Delhi - DPCC",28.563262,77.186937,co,µg/m³,,
,"R K Puram, Delhi - DPCC",28.563262,77.186937,co,ppb,,
,"R K Puram, Delhi - DPCC",28.563262,77.186937,no,ppb,,
,"R K Puram, Delhi - DPCC",28.563262,77.186937,no2,µg/m³,,
,"R K Puram, Delhi - DPCC",28.563262,77.186937,no2,ppb,,
,"R K Puram, Delhi - DPCC",28.563262,77.186937,nox,ppb,,
,"R K Puram, Delhi - DPCC",28.563262,77.186937,o3,µg/m³,,
,"R K Puram, Delhi - DPCC",28.563262,77.186937,o3,µg/m³,,
,"R K Puram, Delhi - DPCC",28.563262,77.186937,pm10,µg/m³,,
,"R K Puram, Delhi - DPCC",28.563262,77.186937,pm10,µg/m³,,
,"R K Puram, Delhi - DPCC",28.563262,77.186937,pm25,µg/m³,,
,"R K Puram, Delhi - DPCC",28.563262,77.186937,pm25,µg/m³,,
,"R K Puram, Delhi - DPCC",28.563262,77.186937,relativehumidity,%,,
,"R K Puram, Delhi - DPCC",28.563262,77.186937,so2,ppb,,
,"R K Puram, Delhi - DPCC",28.563262,77.186937,so2,µg/m³,,
,"R K Puram, Delhi - DPCC",28.563262,77.186937,temperature,c,,
,"R K Puram, Delhi - DPCC",28.563262,77.186937,wind_direction,deg,,
,"R K Puram, Delhi - DPCC",28.563262,77.186937,wind_speed,m/s,,
,SPARTAN - Vietnam Acad. Sci.,21.048,105.8,pm25,µg/m³,,
,MNB,47.929732,106.888629,co,µg/m³,,
,MNB,47.929732,106.888629,no2,µg/m³,,
,MNB,47.929732,106.888629,o3,µg/m³,,
,MNB,47.929732,106.888629,pm10,µg/m³,,
,MNB,47.929732,106.888629,pm25,µg/m³,,
,MNB,47.929732,106.888629,so2,µg/m³,,
,Beijing US Embassy,39.95,116.47,pm25,µg/m³,,
,SPARTAN - Dhaka University,23.728,90.398,pm25,µg/m³,,
,Amgalan,47.913429,106.99790699999998,co,µg/m³,,
,Amgalan,47.913429,106.99790699999998,no2,µg/m³,,
,Amgalan,47.913429,106.99790699999998,o3,µg/m³,,
,Amgalan,47.913429,106.99790699999998,pm10,µg/m³,,
,Amgalan,47.913429,106.99790699999998,pm25,µg/m³,,
,Amgalan,47.913429,106.99790699999998,so2,µg/m³,,
,SPARTAN - NUS,1.298,103.78,pm25,µg/m³,,
,Parque O'Higgins,-33.464142,-70.660797,co,µg/m³,,
,Parque O'Higgins,-33.464142,-70.660797,no2,µg/m³,,
,Parque O'Higgins,-33.464142,-70.660797,o3,µg/m³,,
,Parque O'Higgins,-33.464142,-70.660797,pm10,µg/m³,,
,Parque O'Higgins,-33.464142,-70.660797,pm25,µg/m³,,
,Parque O'Higgins,-33.464142,-70.660797,so2,µg/m³,,
,Inpesca,-36.737202,-73.104427,pm10,µg/m³,,
,Inpesca,-36.737202,-73.104427,pm25,µg/m³,,
,Inpesca,-36.737202,-73.104427,so2,µg/m³,,
,Concón,-32.924568,-71.515399,co,µg/m³,,
,Concón,-32.924568,-71.515399,no2,µg/m³,,
,Concón,-32.924568,-71.515399,o3,µg/m³,,
,Concón,-32.924568,-71.515399,pm10,µg/m³,,
,Concón,-32.924568,-71.515399,pm25,µg/m³,,
,Concón,-32.924568,-71.515399,so2,µg/m³,,
,Ursynów,52.16077306,21.03916667,no2,µg/m³,,
,Ursynów,52.16077306,21.03916667,o3,µg/m³,,
,Ursynów,52.16077306,21.03916667,pm10,µg/m³,,
,Ursynów,52.16077306,21.03916667,pm25,µg/m³,,
,Ursynów,52.16077306,21.03916667,so2,µg/m³,,
,100 ail,47.9329056,106.9213833,co,µg/m³,,
,100 ail,47.9329056,106.9213833,no2,µg/m³,,
,100 ail,47.9329056,106.9213833,o3,µg/m³,,
,100 ail,47.9329056,106.9213833,pm10,µg/m³,,
,100 ail,47.9329056,106.9213833,so2,µg/m³,,
,Wekerom-Riemterdijk,52.11162100019676,5.708418999868416,no,µg/m³,,
,Wekerom-Riemterdijk,52.11162100019676,5.708418999868416,no2,µg/m³,,
,Wekerom-Riemterdijk,52.11162100019676,5.708418999868416,o3,µg/m³,,
,Wekerom-Riemterdijk,52.11162100019676,5.708418999868416,pm10,µg/m³,,
,Wekerom-Riemterdijk,52.11162100019676,5.708418999868416,pm25,µg/m³,,
,SPARTAN - Tsinghua University,40.01,116.333,pm25,µg/m³,,
,Zaanstad-Hemkade,52.420230000140556,4.832060000156797,no,µg/m³,,
,Zaanstad-Hemkade,52.420230000140556,4.832060000156797,no2,µg/m³,,
,Zaanstad-Hemkade,52.420230000140556,4.832060000156797,pm10,µg/m³,,
,SPARTAN - Weizmann Institute,31.907,34.81,pm25,µg/m³,,
,Cauquenes,-34.241168,-70.55283,so2,µg/m³,,
,Gobernación,-22.093082,-70.20121,pm10,µg/m³,,
,Gobernación,-22.093082,-70.20121,so2,µg/m³,,
,Groningen-Europaweg,53.21782600014504,6.578889000310201,no,µg/m³,,
,Groningen-Europaweg,53.21782600014504,6.578889000310201,no2,µg/m³,,
,Groningen-Europaweg,53.21782600014504,6.578889000310201,pm10,µg/m³,,
,Groningen-Europaweg,53.21782600014504,6.578889000310201,pm25,µg/m³,,
,SPARTAN - Ilorin University,8.484,4.675,pm25,µg/m³,,
,Konarskiego,52.17203333,22.27277778,co,µg/m³,,
,Konarskiego,52.17203333,22.27277778,no2,µg/m³,,
,Konarskiego,52.17203333,22.27277778,o3,µg/m³,,
,Konarskiego,52.17203333,22.27277778,pm10,µg/m³,,
,Konarskiego,52.17203333,22.27277778,pm25,µg/m³,,
,Konarskiego,52.17203333,22.27277778,so2,µg/m³,,
,Heerlen-Jamboreepad,50.90031700019946,5.986852999872599,no,µg/m³,,
,Heerlen-Jamboreepad,50.90031700019946,5.986852999872599,no2,µg/m³,,
,Heerlen-Jamboreepad,50.90031700019946,5.986852999872599,o3,µg/m³,,
,Heerlen-Jamboreepad,50.90031700019946,5.986852999872599,pm10,µg/m³,,
,Heerlen-Jamboreepad,50.90031700019946,5.986852999872599,pm25,µg/m³,,
,Puente Alto,-33.591390623022,-70.594788,co,µg/m³,,
,Puente Alto,-33.591390623022,-70.594788,no2,µg/m³,,
,Puente Alto,-33.591390623022,-70.594788,o3,µg/m³,,
,Puente Alto,-33.591390623022,-70.594788,pm10,µg/m³,,
,Puente Alto,-33.591390623022,-70.594788,pm25,µg/m³,,
,Puente Alto,-33.591390623022,-70.594788,so2,µg/m³,,
,Bukhiin urguu,47.9176056,106.93736109999999,co,µg/m³,,
,Bukhiin urguu,47.9176056,106.93736109999999,no2,µg/m³,,
,Bukhiin urguu,47.9176056,106.93736109999999,o3,µg/m³,,
,Bukhiin urguu,47.9176056,106.93736109999999,pm10,µg/m³,,
,Bukhiin urguu,47.9176056,106.93736109999999,pm25,µg/m³,,
,Bukhiin urguu,47.9176056,106.93736109999999,so2,µg/m³,,
,Valparaiso,-33.049743798096,-71.614167231712,co,µg/m³,,
,Valparaiso,-33.049743798096,-71.614167231712,no2,µg/m³,,
,Valparaiso,-33.049743798096,-71.614167231712,o3,µg/m³,,
,Valparaiso,-33.049743798096,-71.614167231712,pm10,µg/m³,,
,Valparaiso,-33.049743798096,-71.614167231712,pm25,µg/m³,,
,Valparaiso,-33.049743798096,-71.614167231712,so2,µg/m³,,
,Baruun 4 zam,47.9153833,106.89419440000002,co,µg/m³,,
,Baruun 4 zam,47.9153833,106.89419440000002,no2,µg/m³,,
,Baruun 4 zam,47.9153833,106.89419440000002,pm10,µg/m³,,
,Baruun 4 zam,47.9153833,106.89419440000002,pm25,µg/m³,,
,Baruun 4 zam,47.9153833,106.89419440000002,so2,µg/m³,,
,"Phahol Yothin Rd., Khet Chatuchak",13.797855,100.551338,co,ppm,,
,"Phahol Yothin Rd., Khet Chatuchak",13.797855,100.551338,no2,ppm,,
,"Phahol Yothin Rd., Khet Chatuchak",13.797855,100.551338,pm10,µg/m³,,
,"Punjabi Bagh, Delhi - DPCC",28.674045,77.131023,co,µg/m³,,
,"Punjabi Bagh, Delhi - DPCC",28.674045,77.131023,co,ppb,,
,"Punjabi Bagh, Delhi - DPCC",28.674045,77.131023,no,ppb,,
,"Punjabi Bagh, Delhi - DPCC",28.674045,77.131023,no2,ppb,,
,"Punjabi Bagh, Delhi - DPCC",28.674045,77.131023,no2,µg/m³,,
,"Punjabi Bagh, Delhi - DPCC",28.674045,77.131023,nox,ppb,,
,"Punjabi Bagh, Delhi - DPCC",28.674045,77.131023,o3,µg/m³,,
,"Punjabi Bagh, Delhi - DPCC",28.674045,77.131023,o3,µg/m³,,
,"Punjabi Bagh, Delhi - DPCC",28.674045,77.131023,pm10,µg/m³,,
,"Punjabi Bagh, Delhi - DPCC",28.674045,77.131023,pm10,µg/m³,,
,"Punjabi Bagh, Delhi - DPCC",28.674045,77.131023,pm25,µg/m³,,
,"Punjabi Bagh, Delhi - DPCC",28.674045,77.131023,pm25,µg/m³,,
,"Punjabi Bagh, Delhi - DPCC",28.674045,77.131023,relativehumidity,%,,
,"Punjabi Bagh, Delhi - DPCC",28.674045,77.131023,so2,ppb,,
,"Punjabi Bagh, Delhi - DPCC",28.674045,77.131023,so2,µg/m³,,
,"Punjabi Bagh, Delhi - DPCC",28.674045,77.131023,temperature,c,,
,"Punjabi Bagh, Delhi - DPCC",28.674045,77.131023,wind_direction,deg,,
,"Punjabi Bagh, Delhi - DPCC",28.674045,77.131023,wind_speed,m/s,,
,Wieringerwerf-Medemblikkerweg,52.803700000000006,5.05051,no,µg/m³,,
,Wieringerwerf-Medemblikkerweg,52.803700000000006,5.05051,no2,µg/m³,,
,Wieringerwerf-Medemblikkerweg,52.803700000000006,5.05051,o3,µg/m³,,
,Wieringerwerf-Medemblikkerweg,52.803700000000006,5.05051,pm10,µg/m³,,
,Wieringerwerf-Medemblikkerweg,52.803700000000006,5.05051,pm25,µg/m³,,
,Rotterdam-Oost Sidelinge A13,51.938472000211014,4.430691999983553,no,µg/m³,,
,Rotterdam-Oost Sidelinge A13,51.938472000211014,4.430691999983553,no2,µg/m³,,
,Rotterdam-Oost Sidelinge A13,51.938472000211014,4.430691999983553,pm10,µg/m³,,
,Rotterdam-Oost Sidelinge A13,51.938472000211014,4.430691999983553,pm25,µg/m³,,
,Shenyang,41.78,123.42,pm25,µg/m³,,
,Talagante,-33.673752071375,-70.953064737434,co,µg/m³,,
,Talagante,-33.673752071375,-70.953064737434,no2,µg/m³,,
,Talagante,-33.673752071375,-70.953064737434,o3,µg/m³,,
,Talagante,-33.673752071375,-70.953064737434,pm10,µg/m³,,
,Talagante,-33.673752071375,-70.953064737434,pm25,µg/m³,,
,Talagante,-33.673752071375,-70.953064737434,so2,µg/m³,,
,Utrecht-Kardinaal de Jongweg,52.10506300014719,5.124434999970995,no,µg/m³,,
,Utrecht-Kardinaal de Jongweg,52.10506300014719,5.124434999970995,no2,µg/m³,,
,Utrecht-Kardinaal de Jongweg,52.10506300014719,5.124434999970995,o3,µg/m³,,
,Utrecht-Kardinaal de Jongweg,52.10506300014719,5.124434999970995,pm10,µg/m³,,
,Utrecht-Kardinaal de Jongweg,52.10506300014719,5.124434999970995,pm25,µg/m³,,
,"Khlong Nueng, Khlong Luang",14.040299305494,100.60873959621,co,ppm,,
,"Khlong Nueng, Khlong Luang",14.040299305494,100.60873959621,no2,ppm,,
,"Khlong Nueng, Khlong Luang",14.040299305494,100.60873959621,o3,ppm,,
,"Khlong Nueng, Khlong Luang",14.040299305494,100.60873959621,pm10,µg/m³,,
,"Khlong Nueng, Khlong Luang",14.040299305494,100.60873959621,so2,ppm,,
,Zegveld-Oude Meije,52.137949999962665,4.83819000034937,co,µg/m³,,
,Zegveld-Oude Meije,52.137949999962665,4.83819000034937,no,µg/m³,,
,Zegveld-Oude Meije,52.137949999962665,4.83819000034937,no2,µg/m³,,
,Zegveld-Oude Meije,52.137949999962665,4.83819000034937,o3,µg/m³,,
,Zegveld-Oude Meije,52.137949999962665,4.83819000034937,pm10,µg/m³,,
,Nisekh,47.863943,106.779094,co,µg/m³,,
,Nisekh,47.863943,106.779094,no2,µg/m³,,
,Nisekh,47.863943,106.779094,o3,µg/m³,,
,Nisekh,47.863943,106.779094,pm10,µg/m³,,
,Nisekh,47.863943,106.779094,pm25,µg/m³,,
,Nisekh,47.863943,106.779094,so2,µg/m³,,
,Haringey Roadside - UKA00260,51.59929999967941,-0.06821799979396657,no2,µg/m³,,
,Haringey Roadside - UKA00260,51.59929999967941,-0.06821799979396657,pm25,µg/m³,,
,Coya Población,-34.203524,-70.529854,so2,µg/m³,,
,Philippine-Stelleweg,51.29446600001544,3.7494090003978005,no,µg/m³,,
,Philippine-Stelleweg,51.29446600001544,3.7494090003978005,no2,µg/m³,,
,Philippine-Stelleweg,51.29446600001544,3.7494090003978005,o3,µg/m³,,
,Philippine-Stelleweg,51.29446600001544,3.7494090003978005,pm10,µg/m³,,
,Philippine-Stelleweg,51.29446600001544,3.7494090003978005,so2,µg/m³,,
,Mustang Bayou C619,29.308562,-95.19991,no2,ppm,,
,Mustang Bayou C619,29.308562,-95.19991,o3,ppm,,
,Punteras,-36.923329602986,-73.036132300941,co,µg/m³,,
,Punteras,-36.923329602986,-73.036132300941,no2,µg/m³,,
,Punteras,-36.923329602986,-73.036132300941,o3,µg/m³,,
,Punteras,-36.923329602986,-73.036132300941,pm10,µg/m³,,
,Punteras,-36.923329602986,-73.036132300941,pm25,µg/m³,,
,Punteras,-36.923329602986,-73.036132300941,so2,µg/m³,,
,"Bang Khun Thian, Chom Thong",13.684229480854,100.44598735492,co,ppm,,
,"Bang Khun Thian, Chom Thong",13.684229480854,100.44598735492,no2,ppm,,
,"Bang Khun Thian, Chom Thong",13.684229480854,100.44598735492,o3,ppm,,
,"Bang Khun Thian, Chom Thong",13.684229480854,100.44598735492,pm10,µg/m³,,
,Ventanas,-32.77898790221,-71.373031276855,co,µg/m³,,
,Ventanas,-32.77898790221,-71.373031276855,no2,µg/m³,,
,Ventanas,-32.77898790221,-71.373031276855,o3,µg/m³,,
,Ventanas,-32.77898790221,-71.373031276855,pm10,µg/m³,,
,Ventanas,-32.77898790221,-71.373031276855,pm25,µg/m³,,
,Ventanas,-32.77898790221,-71.373031276855,so2,µg/m³,,
,Cerro Merquín,-37.021182877699,-73.149555550926,pm10,µg/m³,,
,Cerro Merquín,-37.021182877699,-73.149555550926,pm25,µg/m³,,
,Cerro Merquín,-37.021182877699,-73.149555550926,so2,µg/m³,,
,Kingston College,-36.784653741124,-73.052063025795,co,µg/m³,,
,Kingston College,-36.784653741124,-73.052063025795,o3,µg/m³,,
,Kingston College,-36.784653741124,-73.052063025795,pm10,µg/m³,,
,Kingston College,-36.784653741124,-73.052063025795,pm25,µg/m³,,
,Kingston College,-36.784653741124,-73.052063025795,so2,µg/m³,,
,Biest Houtakker-Biestsestraat,51.51838800001479,5.148450000227909,no,µg/m³,,
,Biest Houtakker-Biestsestraat,51.51838800001479,5.148450000227909,no2,µg/m³,,
,Biest Houtakker-Biestsestraat,51.51838800001479,5.148450000227909,o3,µg/m³,,
,Biest Houtakker-Biestsestraat,51.51838800001479,5.148450000227909,pm10,µg/m³,,
,Biest Houtakker-Biestsestraat,51.51838800001479,5.148450000227909,pm25,µg/m³,,
,Curicó,-34.974925077541,-71.233967512329,pm10,µg/m³,,
,Curicó,-34.974925077541,-71.233967512329,pm25,µg/m³,,
,Coyhaique II,-45.579045667164,-72.049964505825,co,µg/m³,,
,Coyhaique II,-45.579045667164,-72.049964505825,no2,µg/m³,,
,Coyhaique II,-45.579045667164,-72.049964505825,o3,µg/m³,,
,Coyhaique II,-45.579045667164,-72.049964505825,pm10,µg/m³,,
,Coyhaique II,-45.579045667164,-72.049964505825,pm25,µg/m³,,
,Coyhaique II,-45.579045667164,-72.049964505825,so2,µg/m³,,
,Leiden-Willem de Zwijgerlaan,52.1678,4.50756,pm10,µg/m³,,
,De Zilk-Vogelaarsdreef,52.296555999830005,4.51081699998525,no,µg/m³,,
,De Zilk-Vogelaarsdreef,52.296555999830005,4.51081699998525,no2,µg/m³,,
,De Zilk-Vogelaarsdreef,52.296555999830005,4.51081699998525,o3,µg/m³,,
,De Zilk-Vogelaarsdreef,52.296555999830005,4.51081699998525,pm10,µg/m³,,
,De Zilk-Vogelaarsdreef,52.296555999830005,4.51081699998525,pm25,µg/m³,,
,De Zilk-Vogelaarsdreef,52.296555999830005,4.51081699998525,so2,µg/m³,,
,Hoek v. Holland-Berghaven,51.97783000007194,4.121903000365913,no,µg/m³,,
,Hoek v. Holland-Berghaven,51.97783000007194,4.121903000365913,no2,µg/m³,,
,Hoek v. Holland-Berghaven,51.97783000007194,4.121903000365913,o3,µg/m³,,
,Hoek v. Holland-Berghaven,51.97783000007194,4.121903000365913,pm10,µg/m³,,
,Hoek v. Holland-Berghaven,51.97783000007194,4.121903000365913,pm25,µg/m³,,
,Hoek v. Holland-Berghaven,51.97783000007194,4.121903000365913,so2,µg/m³,,
,Hilversum-J. Gerardtsweg,52.23510000000001,5.18155,no2,µg/m³,,
,Hilversum-J. Gerardtsweg,52.23510000000001,5.18155,pm10,µg/m³,,
,Hilversum-J. Gerardtsweg,52.23510000000001,5.18155,pm25,µg/m³,,
,Amsterdam-Van Diemenstraat,52.389983000188224,4.88781099987638,co,µg/m³,,
,Amsterdam-Van Diemenstraat,52.389983000188224,4.88781099987638,no,µg/m³,,
,Amsterdam-Van Diemenstraat,52.389983000188224,4.88781099987638,no2,µg/m³,,
,Amsterdam-Van Diemenstraat,52.389983000188224,4.88781099987638,o3,µg/m³,,
,Amsterdam-Van Diemenstraat,52.389983000188224,4.88781099987638,pm10,µg/m³,,
,Amsterdam-Van Diemenstraat,52.389983000188224,4.88781099987638,pm25,µg/m³,,
,Coronel Norte,-37.008669,-73.148086,co,µg/m³,,
,Coronel Norte,-37.008669,-73.148086,o3,µg/m³,,
,Coronel Norte,-37.008669,-73.148086,pm10,µg/m³,,
,Coronel Norte,-37.008669,-73.148086,so2,µg/m³,,
,Haarlem-Schipholweg,52.37051800026408,4.6423090001344685,no,µg/m³,,
,Haarlem-Schipholweg,52.37051800026408,4.6423090001344685,no2,µg/m³,,
,Haarlem-Schipholweg,52.37051800026408,4.6423090001344685,o3,µg/m³,,
,Haarlem-Schipholweg,52.37051800026408,4.6423090001344685,pm10,µg/m³,,
,Hellendoorn-Luttenbergerweg,52.38829100007745,6.402899999997742,no,µg/m³,,
,Hellendoorn-Luttenbergerweg,52.38829100007745,6.402899999997742,no2,µg/m³,,
,Hellendoorn-Luttenbergerweg,52.38829100007745,6.402899999997742,o3,µg/m³,,
,Hellendoorn-Luttenbergerweg,52.38829100007745,6.402899999997742,pm10,µg/m³,,
,De Rips-Blaarpeelweg,51.5475,5.8382,pm10,µg/m³,,
,De Rips-Klotterpeellaan,51.5359,5.80859,pm10,µg/m³,,
,Misheel expo,47.8943389,106.8824722,co,µg/m³,,
,Misheel expo,47.8943389,106.8824722,no2,µg/m³,,
,Misheel expo,47.8943389,106.8824722,o3,µg/m³,,
,Misheel expo,47.8943389,106.8824722,pm10,µg/m³,,
,Misheel expo,47.8943389,106.8824722,so2,µg/m³,,
,Nijmegen-Graafseweg,51.8413800001826,5.857771999792528,co,µg/m³,,
,Nijmegen-Graafseweg,51.8413800001826,5.857771999792528,no,µg/m³,,
,Nijmegen-Graafseweg,51.8413800001826,5.857771999792528,no2,µg/m³,,
,Nijmegen-Graafseweg,51.8413800001826,5.857771999792528,pm10,µg/m³,,
,Nijmegen-Graafseweg,51.8413800001826,5.857771999792528,pm25,µg/m³,,
,"Din Daeng, Din Daeng",13.775373291477,100.56892844813,co,ppm,,
,"Din Daeng, Din Daeng",13.775373291477,100.56892844813,no2,ppm,,
,"Din Daeng, Din Daeng",13.775373291477,100.56892844813,o3,ppm,,
,"Din Daeng, Din Daeng",13.775373291477,100.56892844813,pm10,µg/m³,,
,"Din Daeng, Din Daeng",13.775373291477,100.56892844813,so2,ppm,,
,Amsterdam-Vondelpark,52.359714000013874,4.866208000411839,co,µg/m³,,
,Amsterdam-Vondelpark,52.359714000013874,4.866208000411839,no,µg/m³,,
,Amsterdam-Vondelpark,52.359714000013874,4.866208000411839,no2,µg/m³,,
,Amsterdam-Vondelpark,52.359714000013874,4.866208000411839,o3,µg/m³,,
,Amsterdam-Vondelpark,52.359714000013874,4.866208000411839,pm10,µg/m³,,
,Amsterdam-Vondelpark,52.359714000013874,4.866208000411839,pm25,µg/m³,,
,Wijk aan Zee-Burgemeester Rothestraat,52.49399200004851,4.601986000379324,co,µg/m³,,
,Wijk aan Zee-Burgemeester Rothestraat,52.49399200004851,4.601986000379324,no,µg/m³,,
,Wijk aan Zee-Burgemeester Rothestraat,52.49399200004851,4.601986000379324,no2,µg/m³,,
,Wijk aan Zee-Burgemeester Rothestraat,52.49399200004851,4.601986000379324,pm10,µg/m³,,
,Wijk aan Zee-Burgemeester Rothestraat,52.49399200004851,4.601986000379324,pm25,µg/m³,,
,Wijk aan Zee-Burgemeester Rothestraat,52.49399200004851,4.601986000379324,so2,µg/m³,,
,IJmuiden-Kanaaldijk,52.46304000005105,4.60177600031704,co,µg/m³,,
,IJmuiden-Kanaaldijk,52.46304000005105,4.60177600031704,no,µg/m³,,
,IJmuiden-Kanaaldijk,52.46304000005105,4.60177600031704,no2,µg/m³,,
,IJmuiden-Kanaaldijk,52.46304000005105,4.60177600031704,pm10,µg/m³,,
,IJmuiden-Kanaaldijk,52.46304000005105,4.60177600031704,pm25,µg/m³,,
,IJmuiden-Kanaaldijk,52.46304000005105,4.60177600031704,so2,µg/m³,,
,Amsterdam-Westerpark,52.39397200025616,4.870156999790721,pm10,µg/m³,,
,Amsterdam-Westerpark,52.39397200025616,4.870156999790721,pm25,µg/m³,,
,Amsterdam-Westerpark,52.39397200025616,4.870156999790721,so2,µg/m³,,
,Maastricht-A2 Kasteel Hillenraadweg,50.8598,5.71381,pm25,µg/m³,,
,Badhoevedorp-Sloterweg,52.33400300025121,4.7740060003231,co,µg/m³,,
,Badhoevedorp-Sloterweg,52.33400300025121,4.7740060003231,no,µg/m³,,
,Badhoevedorp-Sloterweg,52.33400300025121,4.7740060003231,no2,µg/m³,,
,Badhoevedorp-Sloterweg,52.33400300025121,4.7740060003231,pm10,µg/m³,,
,Badhoevedorp-Sloterweg,52.33400300025121,4.7740060003231,pm25,µg/m³,,
,Amsterdam-Hoogtij,52.42801700027339,4.7734780002434976,no,µg/m³,,
,Amsterdam-Hoogtij,52.42801700027339,4.7734780002434976,no2,µg/m³,,
,Amsterdam-Hoogtij,52.42801700027339,4.7734780002434976,pm10,µg/m³,,
,Amsterdam-Hoogtij,52.42801700027339,4.7734780002434976,pm25,µg/m³,,
,Amsterdam-Hoogtij,52.42801700027339,4.7734780002434976,so2,µg/m³,,
,Amsterdam-Einsteinweg,52.381331000231505,4.845232999687698,co,µg/m³,,
,Amsterdam-Einsteinweg,52.381331000231505,4.845232999687698,no,µg/m³,,
,Amsterdam-Einsteinweg,52.381331000231505,4.845232999687698,no2,µg/m³,,
,Amsterdam-Einsteinweg,52.381331000231505,4.845232999687698,pm10,µg/m³,,
,Amsterdam-Einsteinweg,52.381331000231505,4.845232999687698,pm25,µg/m³,,
,"Income Tax Office, Delhi - CPCB",28.623499999999996,77.2494,co,µg/m³,,
,"Income Tax Office, Delhi - CPCB",28.623499999999996,77.2494,no2,µg/m³,,
,"Income Tax Office, Delhi - CPCB",28.623499999999996,77.2494,o3,µg/m³,,
,"Income Tax Office, Delhi - CPCB",28.623499999999996,77.2494,pm10,µg/m³,,
,"Income Tax Office, Delhi - CPCB",28.623499999999996,77.2494,pm25,µg/m³,,
,Prabadang Rehabiltation Center,13.664087,100.543436,no2,ppm,,
,Prabadang Rehabiltation Center,13.664087,100.543436,o3,ppm,,
,Prabadang Rehabiltation Center,13.664087,100.543436,pm10,µg/m³,,
,Prabadang Rehabiltation Center,13.664087,100.543436,pm25,µg/m³,,
,Prabadang Rehabiltation Center,13.664087,100.543436,so2,ppm,,
,Los Vientos,-32.833639,-70.99693,co,µg/m³,,
,Los Vientos,-32.833639,-70.99693,o3,µg/m³,,
,Los Vientos,-32.833639,-70.99693,pm10,µg/m³,,
,Los Vientos,-32.833639,-70.99693,so2,µg/m³,,
,Harrow - Stanmore,51.617327,-0.298775,no2,µg/m³,,
,Harrow - Stanmore,51.617327,-0.298775,pm10,µg/m³,,
,Harrow - Stanmore,51.617327,-0.298775,pm25,µg/m³,,
,"Lat Phrao Rd., Wang Thonglang",13.792635009230002,100.59607755884001,co,ppm,,
,"Lat Phrao Rd., Wang Thonglang",13.792635009230002,100.59607755884001,no2,ppm,,
,"Lat Phrao Rd., Wang Thonglang",13.792635009230002,100.59607755884001,o3,ppm,,
,"Lat Phrao Rd., Wang Thonglang",13.792635009230002,100.59607755884001,pm10,µg/m³,,
,"Lat Phrao Rd., Wang Thonglang",13.792635009230002,100.59607755884001,so2,ppm,,
,Alto Hospicio,-20.259620485825,-70.088653564453,pm25,µg/m³,,
,Alto Hospicio,-20.290859340668,-70.09955406189,pm25,µg/m³,,
,London Harlington - UKA00472,51.48878999962389,-0.44161399993549455,no2,µg/m³,,
,London Harlington - UKA00472,51.48878999962389,-0.44161399993549455,o3,µg/m³,,
,London Harlington - UKA00472,51.48878999962389,-0.44161399993549455,pm10,µg/m³,,
,London Harlington - UKA00472,51.48878999962389,-0.44161399993549455,pm25,µg/m³,,
,Chengdu,30.63,104.07,pm25,µg/m³,,
,Shanghai,31.21,121.44,pm25,µg/m³,,
,Guangzhou,23.12,113.32,pm25,µg/m³,,
,Escuela E-10,-22.087,-70.193253,co,µg/m³,,
,Escuela E-10,-22.087,-70.193253,no2,µg/m³,,
,Escuela E-10,-22.087,-70.193253,o3,µg/m³,,
,Escuela E-10,-22.087,-70.193253,pm10,µg/m³,,
,Escuela E-10,-22.087,-70.193253,pm25,µg/m³,,
,Escuela E-10,-22.087,-70.193253,so2,µg/m³,,
,Southwark A2 Old Kent Road - UKA00558,51.4804989994662,-0.059550000208953166,no2,µg/m³,,
,Southwark A2 Old Kent Road - UKA00558,51.4804989994662,-0.059550000208953166,pm10,µg/m³,,
,Southwark A2 Old Kent Road - UKA00558,51.4804989994662,-0.059550000208953166,pm25,µg/m³,,
,Greenwich - Eltham,51.45258,0.070766,no2,µg/m³,,
,Greenwich - Eltham,51.45258,0.070766,o3,µg/m³,,
,Greenwich - Eltham,51.45258,0.070766,pm10,µg/m³,,
,Greenwich - Eltham,51.45258,0.070766,pm25,µg/m³,,
,London Bloomsbury - UKA00211,51.52228999923011,-0.12588900021133392,no2,µg/m³,,
,London Bloomsbury - UKA00211,51.52228999923011,-0.12588900021133392,o3,µg/m³,,
,London Bloomsbury - UKA00211,51.52228999923011,-0.12588900021133392,pm10,µg/m³,,
,London Bloomsbury - UKA00211,51.52228999923011,-0.12588900021133392,pm25,µg/m³,,
,London Bloomsbury - UKA00211,51.52228999923011,-0.12588900021133392,so2,µg/m³,,
,Ealing - Horn Lane,51.518948,-0.265617,no2,µg/m³,,
,Ealing - Horn Lane,51.518948,-0.265617,pm10,µg/m³,,
,London Haringey Priory Park South - UKA00568,51.58412799971813,-0.1252540000016108,no2,µg/m³,,
,London Haringey Priory Park South - UKA00568,51.58412799971813,-0.1252540000016108,o3,µg/m³,,
,London Haringey Priory Park South - UKA00568,51.58412799971813,-0.1252540000016108,pm10,µg/m³,,
,London Haringey Priory Park South - UKA00568,51.58412799971813,-0.1252540000016108,pm25,µg/m³,,
